{
  "id": "d02b5d72-9e56-4936-af76-1ca27167aabd",
  "prevId": "00000000-0000-0000-0000-000000000000",
  "version": "7",
  "dialect": "postgresql",
  "tables": {
    "public.business_plans": {
      "name": "business_plans",
      "schema": "",
      "columns": {
        "id": {
          "name": "id",
          "type": "serial",
          "primaryKey": true,
          "notNull": true
        },
        "user_id": {
          "name": "user_id",
          "type": "varchar",
          "primaryKey": false,
          "notNull": true
        },
        "profile_id": {
          "name": "profile_id",
          "type": "integer",
          "primaryKey": false,
          "notNull": true
        },
        "title": {
          "name": "title",
          "type": "varchar",
          "primaryKey": false,
          "notNull": true
        },
        "selected_idea_index": {
          "name": "selected_idea_index",
          "type": "integer",
          "primaryKey": false,
          "notNull": true
        },
        "ai_generated_ideas": {
          "name": "ai_generated_ideas",
          "type": "jsonb",
          "primaryKey": false,
          "notNull": true
        },
        "business_summary": {
          "name": "business_summary",
          "type": "text",
          "primaryKey": false,
          "notNull": false
        },
        "target_customer": {
          "name": "target_customer",
          "type": "text",
          "primaryKey": false,
          "notNull": false
        },
        "problem_solving": {
          "name": "problem_solving",
          "type": "text",
          "primaryKey": false,
          "notNull": false
        },
        "value_proposition": {
          "name": "value_proposition",
          "type": "text",
          "primaryKey": false,
          "notNull": false
        },
        "revenue_model": {
          "name": "revenue_model",
          "type": "text",
          "primaryKey": false,
          "notNull": false
        },
        "key_activities": {
          "name": "key_activities",
          "type": "text",
          "primaryKey": false,
          "notNull": false
        },
        "product_service": {
          "name": "product_service",
          "type": "text",
          "primaryKey": false,
          "notNull": false
        },
        "channels": {
          "name": "channels",
          "type": "text",
          "primaryKey": false,
          "notNull": false
        },
        "customer_relationships": {
          "name": "customer_relationships",
          "type": "text",
          "primaryKey": false,
          "notNull": false
        },
        "key_partnerships": {
          "name": "key_partnerships",
          "type": "text",
          "primaryKey": false,
          "notNull": false
        },
        "cost_structure": {
          "name": "cost_structure",
          "type": "text",
          "primaryKey": false,
          "notNull": false
        },
        "success_metrics": {
          "name": "success_metrics",
          "type": "text",
          "primaryKey": false,
          "notNull": false
        },
        "legal_compliance": {
          "name": "legal_compliance",
          "type": "text",
          "primaryKey": false,
          "notNull": false
        },
        "execution_calendar": {
          "name": "execution_calendar",
          "type": "jsonb",
          "primaryKey": false,
          "notNull": false
        },
        "tools_resources": {
          "name": "tools_resources",
          "type": "text",
          "primaryKey": false,
          "notNull": false
        },
        "risks": {
          "name": "risks",
          "type": "text",
          "primaryKey": false,
          "notNull": false
        },
        "export_options": {
          "name": "export_options",
          "type": "text",
          "primaryKey": false,
          "notNull": false
        },
        "success_stories": {
          "name": "success_stories",
          "type": "jsonb",
          "primaryKey": false,
          "notNull": false
        },
        "failure_analysis": {
          "name": "failure_analysis",
          "type": "jsonb",
          "primaryKey": false,
          "notNull": false
        },
        "status": {
          "name": "status",
          "type": "varchar",
          "primaryKey": false,
          "notNull": true,
          "default": "'draft'"
        },
        "days_planned": {
          "name": "days_planned",
          "type": "integer",
          "primaryKey": false,
          "notNull": true
        },
        "is_locked": {
          "name": "is_locked",
          "type": "boolean",
          "primaryKey": false,
          "notNull": false,
          "default": false
        },
        "locked_at": {
          "name": "locked_at",
          "type": "timestamp",
          "primaryKey": false,
          "notNull": false
        },
        "created_at": {
          "name": "created_at",
          "type": "timestamp",
          "primaryKey": false,
          "notNull": false,
          "default": "now()"
        },
        "updated_at": {
          "name": "updated_at",
          "type": "timestamp",
          "primaryKey": false,
          "notNull": false,
          "default": "now()"
        }
      },
      "indexes": {},
      "foreignKeys": {
        "business_plans_user_id_users_id_fk": {
          "name": "business_plans_user_id_users_id_fk",
          "tableFrom": "business_plans",
          "tableTo": "users",
          "columnsFrom": [
            "user_id"
          ],
          "columnsTo": [
            "id"
          ],
          "onDelete": "no action",
          "onUpdate": "no action"
        },
        "business_plans_profile_id_user_profiles_id_fk": {
          "name": "business_plans_profile_id_user_profiles_id_fk",
          "tableFrom": "business_plans",
          "tableTo": "user_profiles",
          "columnsFrom": [
            "profile_id"
          ],
          "columnsTo": [
            "id"
          ],
          "onDelete": "no action",
          "onUpdate": "no action"
        }
      },
      "compositePrimaryKeys": {},
      "uniqueConstraints": {},
      "policies": {},
      "checkConstraints": {},
      "isRLSEnabled": false
    },
    "public.calendar_tasks": {
      "name": "calendar_tasks",
      "schema": "",
      "columns": {
        "id": {
          "name": "id",
          "type": "serial",
          "primaryKey": true,
          "notNull": true
        },
        "business_plan_id": {
          "name": "business_plan_id",
          "type": "integer",
          "primaryKey": false,
          "notNull": true
        },
        "task_date": {
          "name": "task_date",
          "type": "date",
          "primaryKey": false,
          "notNull": true
        },
        "day_number": {
          "name": "day_number",
          "type": "integer",
          "primaryKey": false,
          "notNull": true
        },
        "title": {
          "name": "title",
          "type": "varchar",
          "primaryKey": false,
          "notNull": true
        },
        "description": {
          "name": "description",
          "type": "text",
          "primaryKey": false,
          "notNull": true
        },
        "resource_links": {
          "name": "resource_links",
          "type": "jsonb",
          "primaryKey": false,
          "notNull": false
        },
        "is_completed": {
          "name": "is_completed",
          "type": "boolean",
          "primaryKey": false,
          "notNull": false,
          "default": false
        },
        "user_notes": {
          "name": "user_notes",
          "type": "text",
          "primaryKey": false,
          "notNull": false
        },
        "created_at": {
          "name": "created_at",
          "type": "timestamp",
          "primaryKey": false,
          "notNull": false,
          "default": "now()"
        },
        "updated_at": {
          "name": "updated_at",
          "type": "timestamp",
          "primaryKey": false,
          "notNull": false,
          "default": "now()"
        }
      },
      "indexes": {},
      "foreignKeys": {
        "calendar_tasks_business_plan_id_business_plans_id_fk": {
          "name": "calendar_tasks_business_plan_id_business_plans_id_fk",
          "tableFrom": "calendar_tasks",
          "tableTo": "business_plans",
          "columnsFrom": [
            "business_plan_id"
          ],
          "columnsTo": [
            "id"
          ],
          "onDelete": "no action",
          "onUpdate": "no action"
        }
      },
      "compositePrimaryKeys": {},
      "uniqueConstraints": {},
      "policies": {},
      "checkConstraints": {},
      "isRLSEnabled": false
    },
    "public.chat_messages": {
      "name": "chat_messages",
      "schema": "",
      "columns": {
        "id": {
          "name": "id",
          "type": "serial",
          "primaryKey": true,
          "notNull": true
        },
        "user_id": {
          "name": "user_id",
          "type": "varchar",
          "primaryKey": false,
          "notNull": true
        },
        "business_plan_id": {
          "name": "business_plan_id",
          "type": "integer",
          "primaryKey": false,
          "notNull": false
        },
        "idea_index": {
          "name": "idea_index",
          "type": "integer",
          "primaryKey": false,
          "notNull": false
        },
        "message": {
          "name": "message",
          "type": "text",
          "primaryKey": false,
          "notNull": true
        },
        "is_from_user": {
          "name": "is_from_user",
          "type": "boolean",
          "primaryKey": false,
          "notNull": true
        },
        "created_at": {
          "name": "created_at",
          "type": "timestamp",
          "primaryKey": false,
          "notNull": false,
          "default": "now()"
        }
      },
      "indexes": {},
      "foreignKeys": {
        "chat_messages_user_id_users_id_fk": {
          "name": "chat_messages_user_id_users_id_fk",
          "tableFrom": "chat_messages",
          "tableTo": "users",
          "columnsFrom": [
            "user_id"
          ],
          "columnsTo": [
            "id"
          ],
          "onDelete": "no action",
          "onUpdate": "no action"
        },
        "chat_messages_business_plan_id_business_plans_id_fk": {
          "name": "chat_messages_business_plan_id_business_plans_id_fk",
          "tableFrom": "chat_messages",
          "tableTo": "business_plans",
          "columnsFrom": [
            "business_plan_id"
          ],
          "columnsTo": [
            "id"
          ],
          "onDelete": "no action",
          "onUpdate": "no action"
        }
      },
      "compositePrimaryKeys": {},
      "uniqueConstraints": {},
      "policies": {},
      "checkConstraints": {},
      "isRLSEnabled": false
    },
    "public.financial_plans": {
      "name": "financial_plans",
      "schema": "",
      "columns": {
        "id": {
          "name": "id",
          "type": "serial",
          "primaryKey": true,
          "notNull": true
        },
        "business_plan_id": {
          "name": "business_plan_id",
          "type": "integer",
          "primaryKey": false,
          "notNull": true
        },
        "revenue_model": {
          "name": "revenue_model",
          "type": "text",
          "primaryKey": false,
          "notNull": false
        },
        "revenue_assumptions": {
          "name": "revenue_assumptions",
          "type": "text",
          "primaryKey": false,
          "notNull": false
        },
        "fixed_monthly_expenses": {
          "name": "fixed_monthly_expenses",
          "type": "text",
          "primaryKey": false,
          "notNull": false
        },
        "variable_costs": {
          "name": "variable_costs",
          "type": "text",
          "primaryKey": false,
          "notNull": false
        },
        "startup_costs": {
          "name": "startup_costs",
          "type": "text",
          "primaryKey": false,
          "notNull": false
        },
        "loans_capital": {
          "name": "loans_capital",
          "type": "text",
          "primaryKey": false,
          "notNull": false
        },
        "profit_loss_forecast": {
          "name": "profit_loss_forecast",
          "type": "text",
          "primaryKey": false,
          "notNull": false
        },
        "cash_flow": {
          "name": "cash_flow",
          "type": "text",
          "primaryKey": false,
          "notNull": false
        },
        "break_even_analysis": {
          "name": "break_even_analysis",
          "type": "text",
          "primaryKey": false,
          "notNull": false
        },
        "insights_warnings": {
          "name": "insights_warnings",
          "type": "text",
          "primaryKey": false,
          "notNull": false
        },
        "financial_reports": {
          "name": "financial_reports",
          "type": "text",
          "primaryKey": false,
          "notNull": false
        },
        "compare_plan_reality": {
          "name": "compare_plan_reality",
          "type": "text",
          "primaryKey": false,
          "notNull": false
        },
        "export_save": {
          "name": "export_save",
          "type": "text",
          "primaryKey": false,
          "notNull": false
        },
        "created_at": {
          "name": "created_at",
          "type": "timestamp",
          "primaryKey": false,
          "notNull": false,
          "default": "now()"
        },
        "updated_at": {
          "name": "updated_at",
          "type": "timestamp",
          "primaryKey": false,
          "notNull": false,
          "default": "now()"
        }
      },
      "indexes": {},
      "foreignKeys": {
        "financial_plans_business_plan_id_business_plans_id_fk": {
          "name": "financial_plans_business_plan_id_business_plans_id_fk",
          "tableFrom": "financial_plans",
          "tableTo": "business_plans",
          "columnsFrom": [
            "business_plan_id"
          ],
          "columnsTo": [
            "id"
          ],
          "onDelete": "no action",
          "onUpdate": "no action"
        }
      },
      "compositePrimaryKeys": {},
      "uniqueConstraints": {},
      "policies": {},
      "checkConstraints": {},
      "isRLSEnabled": false
    },
    "public.marketing_plans": {
      "name": "marketing_plans",
      "schema": "",
      "columns": {
        "id": {
          "name": "id",
          "type": "serial",
          "primaryKey": true,
          "notNull": true
        },
        "business_plan_id": {
          "name": "business_plan_id",
          "type": "integer",
          "primaryKey": false,
          "notNull": true
        },
        "brand_voice_messaging": {
          "name": "brand_voice_messaging",
          "type": "text",
          "primaryKey": false,
          "notNull": false
        },
        "recommended_channels": {
          "name": "recommended_channels",
          "type": "text",
          "primaryKey": false,
          "notNull": false
        },
        "content_plan_ideas": {
          "name": "content_plan_ideas",
          "type": "text",
          "primaryKey": false,
          "notNull": false
        },
        "first_50_customers_strategy": {
          "name": "first_50_customers_strategy",
          "type": "text",
          "primaryKey": false,
          "notNull": false
        },
        "outreach_scripts": {
          "name": "outreach_scripts",
          "type": "text",
          "primaryKey": false,
          "notNull": false
        },
        "tools_resources": {
          "name": "tools_resources",
          "type": "text",
          "primaryKey": false,
          "notNull": false
        },
        "kpis_metrics": {
          "name": "kpis_metrics",
          "type": "text",
          "primaryKey": false,
          "notNull": false
        },
        "estimated_budget": {
          "name": "estimated_budget",
          "type": "text",
          "primaryKey": false,
          "notNull": false
        },
        "created_at": {
          "name": "created_at",
          "type": "timestamp",
          "primaryKey": false,
          "notNull": false,
          "default": "now()"
        },
        "updated_at": {
          "name": "updated_at",
          "type": "timestamp",
          "primaryKey": false,
          "notNull": false,
          "default": "now()"
        }
      },
      "indexes": {},
      "foreignKeys": {
        "marketing_plans_business_plan_id_business_plans_id_fk": {
          "name": "marketing_plans_business_plan_id_business_plans_id_fk",
          "tableFrom": "marketing_plans",
          "tableTo": "business_plans",
          "columnsFrom": [
            "business_plan_id"
          ],
          "columnsTo": [
            "id"
          ],
          "onDelete": "no action",
          "onUpdate": "no action"
        }
      },
      "compositePrimaryKeys": {},
      "uniqueConstraints": {},
      "policies": {},
      "checkConstraints": {},
      "isRLSEnabled": false
    },
    "public.sessions": {
      "name": "sessions",
      "schema": "",
      "columns": {
        "sid": {
          "name": "sid",
          "type": "varchar",
          "primaryKey": true,
          "notNull": true
        },
        "sess": {
          "name": "sess",
          "type": "jsonb",
          "primaryKey": false,
          "notNull": true
        },
        "expire": {
          "name": "expire",
          "type": "timestamp",
          "primaryKey": false,
          "notNull": true
        }
      },
      "indexes": {
        "IDX_session_expire": {
          "name": "IDX_session_expire",
          "columns": [
            {
              "expression": "expire",
              "isExpression": false,
              "asc": true,
              "nulls": "last"
            }
          ],
          "isUnique": false,
          "concurrently": false,
          "method": "btree",
          "with": {}
        }
      },
      "foreignKeys": {},
      "compositePrimaryKeys": {},
      "uniqueConstraints": {},
      "policies": {},
      "checkConstraints": {},
      "isRLSEnabled": false
    },
    "public.user_profiles": {
      "name": "user_profiles",
      "schema": "",
      "columns": {
        "id": {
          "name": "id",
          "type": "serial",
          "primaryKey": true,
          "notNull": true
        },
        "user_id": {
          "name": "user_id",
          "type": "varchar",
          "primaryKey": false,
          "notNull": true
        },
        "age_group": {
          "name": "age_group",
          "type": "varchar",
          "primaryKey": false,
          "notNull": true
        },
        "location": {
          "name": "location",
          "type": "varchar",
          "primaryKey": false,
          "notNull": true
        },
        "location_type": {
          "name": "location_type",
          "type": "varchar",
          "primaryKey": false,
          "notNull": true
        },
        "languages": {
          "name": "languages",
          "type": "jsonb",
          "primaryKey": false,
          "notNull": true
        },
        "is_working": {
          "name": "is_working",
          "type": "boolean",
          "primaryKey": false,
          "notNull": true
        },
        "available_hours": {
          "name": "available_hours",
          "type": "integer",
          "primaryKey": false,
          "notNull": true
        },
        "comfort_with_selling": {
          "name": "comfort_with_selling",
          "type": "varchar",
          "primaryKey": false,
          "notNull": true
        },
        "comfort_on_camera": {
          "name": "comfort_on_camera",
          "type": "boolean",
          "primaryKey": false,
          "notNull": true
        },
        "comfort_with_writing": {
          "name": "comfort_with_writing",
          "type": "boolean",
          "primaryKey": false,
          "notNull": true
        },
        "organization_skills": {
          "name": "organization_skills",
          "type": "boolean",
          "primaryKey": false,
          "notNull": true
        },
        "work_preference": {
          "name": "work_preference",
          "type": "varchar",
          "primaryKey": false,
          "notNull": true
        },
        "top_skills": {
          "name": "top_skills",
          "type": "jsonb",
          "primaryKey": false,
          "notNull": true
        },
        "digital_tools_comfort": {
          "name": "digital_tools_comfort",
          "type": "varchar",
          "primaryKey": false,
          "notNull": true
        },
        "social_media_knowledge": {
          "name": "social_media_knowledge",
          "type": "boolean",
          "primaryKey": false,
          "notNull": true
        },
        "device_type": {
          "name": "device_type",
          "type": "varchar",
          "primaryKey": false,
          "notNull": true
        },
        "investment_capacity": {
          "name": "investment_capacity",
          "type": "varchar",
          "primaryKey": false,
          "notNull": true
        },
        "has_storage_space": {
          "name": "has_storage_space",
          "type": "boolean",
          "primaryKey": false,
          "notNull": true
        },
        "ok_with_deliveries": {
          "name": "ok_with_deliveries",
          "type": "boolean",
          "primaryKey": false,
          "notNull": true
        },
        "main_reason": {
          "name": "main_reason",
          "type": "jsonb",
          "primaryKey": false,
          "notNull": true
        },
        "income_goal": {
          "name": "income_goal",
          "type": "varchar",
          "primaryKey": false,
          "notNull": true
        },
        "full_time_goal": {
          "name": "full_time_goal",
          "type": "varchar",
          "primaryKey": false,
          "notNull": true
        },
        "health_restrictions": {
          "name": "health_restrictions",
          "type": "text",
          "primaryKey": false,
          "notNull": false
        },
        "support_system": {
          "name": "support_system",
          "type": "varchar",
          "primaryKey": false,
          "notNull": false
        },
        "additional_info": {
          "name": "additional_info",
          "type": "text",
          "primaryKey": false,
          "notNull": false
        },
        "is_completed": {
          "name": "is_completed",
          "type": "boolean",
          "primaryKey": false,
          "notNull": false,
          "default": false
        },
        "created_at": {
          "name": "created_at",
          "type": "timestamp",
          "primaryKey": false,
          "notNull": false,
          "default": "now()"
        },
        "updated_at": {
          "name": "updated_at",
          "type": "timestamp",
          "primaryKey": false,
          "notNull": false,
          "default": "now()"
        }
      },
      "indexes": {},
      "foreignKeys": {
        "user_profiles_user_id_users_id_fk": {
          "name": "user_profiles_user_id_users_id_fk",
          "tableFrom": "user_profiles",
          "tableTo": "users",
          "columnsFrom": [
            "user_id"
          ],
          "columnsTo": [
            "id"
          ],
          "onDelete": "no action",
          "onUpdate": "no action"
        }
      },
      "compositePrimaryKeys": {},
      "uniqueConstraints": {},
      "policies": {},
      "checkConstraints": {},
      "isRLSEnabled": false
    },
    "public.users": {
      "name": "users",
      "schema": "",
      "columns": {
        "id": {
          "name": "id",
          "type": "varchar",
          "primaryKey": true,
          "notNull": true
        },
        "email": {
          "name": "email",
          "type": "varchar",
          "primaryKey": false,
          "notNull": false
        },
        "first_name": {
          "name": "first_name",
          "type": "varchar",
          "primaryKey": false,
          "notNull": false
        },
        "last_name": {
          "name": "last_name",
          "type": "varchar",
          "primaryKey": false,
          "notNull": false
        },
        "profile_image_url": {
          "name": "profile_image_url",
          "type": "varchar",
          "primaryKey": false,
          "notNull": false
        },
        "created_at": {
          "name": "created_at",
          "type": "timestamp",
          "primaryKey": false,
          "notNull": false,
          "default": "now()"
        },
        "updated_at": {
          "name": "updated_at",
          "type": "timestamp",
          "primaryKey": false,
          "notNull": false,
          "default": "now()"
        }
      },
      "indexes": {},
      "foreignKeys": {},
      "compositePrimaryKeys": {},
      "uniqueConstraints": {
        "users_email_unique": {
          "name": "users_email_unique",
          "nullsNotDistinct": false,
          "columns": [
            "email"
          ]
        }
      },
      "policies": {},
      "checkConstraints": {},
      "isRLSEnabled": false
    }
  },
  "enums": {},
  "schemas": {},
  "sequences": {},
  "roles": {},
  "policies": {},
  "views": {},
  "_meta": {
    "columns": {},
    "schemas": {},
    "tables": {}
  }
}